Channel Id,Channel Url,Channel Title
UC--DwaiMV-jtO-6EvmKOnqg,http://www.youtube.com/channel/UC--DwaiMV-jtO-6EvmKOnqg,OALabs
UC-3J5xNrAbTLbU1gN8mMpOA,http://www.youtube.com/channel/UC-3J5xNrAbTLbU1gN8mMpOA,Nitro Rad
UC-5Y-Uxfu6BQAJkTVgFw9Dg,http://www.youtube.com/channel/UC-5Y-Uxfu6BQAJkTVgFw9Dg,No Escape
UC-7nELDbJEPF3muAzSeT74g,http://www.youtube.com/channel/UC-7nELDbJEPF3muAzSeT74g,Disrupt
UC-BIyaiQIzNbjXErkDRCqXg,http://www.youtube.com/channel/UC-BIyaiQIzNbjXErkDRCqXg,ito can't sleep
UC-tLyAaPbRZiYrOJxAGB7dQ,http://www.youtube.com/channel/UC-tLyAaPbRZiYrOJxAGB7dQ,Pursuit of Wonder
UC-ufRLYrXxrIEApGn9VG5pQ,http://www.youtube.com/channel/UC-ufRLYrXxrIEApGn9VG5pQ,Reject Convenience
UC06b5TQFFMFZvMakw1QLpQg,http://www.youtube.com/channel/UC06b5TQFFMFZvMakw1QLpQg,Clark Elieson
UC0XqDEV-VueSv5fszMDCzuw,http://www.youtube.com/channel/UC0XqDEV-VueSv5fszMDCzuw,I can't sleep
UC0e3QhIYukixgh5VVpKHH9Q,http://www.youtube.com/channel/UC0e3QhIYukixgh5VVpKHH9Q,Code Bullet
UC0sj9Ykf4skAGwgVC75zorQ,http://www.youtube.com/channel/UC0sj9Ykf4skAGwgVC75zorQ,Treesicle
UC1SmKqkU9a4CeGByv4U6DQg,http://www.youtube.com/channel/UC1SmKqkU9a4CeGByv4U6DQg,Press Play Essays
UC1aoAQssmzviy1RcUnrQWHA,http://www.youtube.com/channel/UC1aoAQssmzviy1RcUnrQWHA,Aidyn Davis
UC1s1OsWNYDFgbROPV-q5arg,http://www.youtube.com/channel/UC1s1OsWNYDFgbROPV-q5arg,Michael Horn
UC2Ds30pkifFVD0CE08wF50g,http://www.youtube.com/channel/UC2Ds30pkifFVD0CE08wF50g,Daidus
UC2FcFrXxhKDjC6LymB0jylQ,http://www.youtube.com/channel/UC2FcFrXxhKDjC6LymB0jylQ,Heydon Pickering
UC2I7SKyAgkJz1MobOnOAtWw,http://www.youtube.com/channel/UC2I7SKyAgkJz1MobOnOAtWw,Lowkey Wisdom
UC2JXibRCWso20dp4a8ET1Vw,http://www.youtube.com/channel/UC2JXibRCWso20dp4a8ET1Vw,kiyosumi
UC2OGLHkY4XTXFUpdWkaNmTA,http://www.youtube.com/channel/UC2OGLHkY4XTXFUpdWkaNmTA,PIMPNITE
UC2PA-AKmVpU6NKCGtZq_rKQ,http://www.youtube.com/channel/UC2PA-AKmVpU6NKCGtZq_rKQ,Philosophy Tube
UC2Wp8tIqdu49varUbulqVdg,http://www.youtube.com/channel/UC2Wp8tIqdu49varUbulqVdg,Imran
UC2npWGlhozt12eiJ2fzjLbg,http://www.youtube.com/channel/UC2npWGlhozt12eiJ2fzjLbg,Elzani Singleton
UC3ETCazlHenpXEsrEJH-k5A,http://www.youtube.com/channel/UC3ETCazlHenpXEsrEJH-k5A,The Anime Man
UC3GAQgCfYbqbfKuZm9JZPCw,http://www.youtube.com/channel/UC3GAQgCfYbqbfKuZm9JZPCw,John Hubbard
UC3_kehZbfRz-KrjXIqeIiPw,http://www.youtube.com/channel/UC3_kehZbfRz-KrjXIqeIiPw,Leadhead
UC3cpN6gcJQqcCM6mxRUo_dA,http://www.youtube.com/channel/UC3cpN6gcJQqcCM6mxRUo_dA,Wendigoon
UC3s0BtrBJpwNDaflRSoiieQ,http://www.youtube.com/channel/UC3s0BtrBJpwNDaflRSoiieQ,Hak5
UC4dxXZQq-ofAadUWbqhoceQ,http://www.youtube.com/channel/UC4dxXZQq-ofAadUWbqhoceQ,DeviantOllam
UC5--wS0Ljbin1TjWQX6eafA,http://www.youtube.com/channel/UC5--wS0Ljbin1TjWQX6eafA,bigboxSWE
UC58IKuPHnZkdCZ6T5mSRGCg,http://www.youtube.com/channel/UC58IKuPHnZkdCZ6T5mSRGCg,Night Mind
UC5B7hk6GLHb81HoWAGBFj_w,http://www.youtube.com/channel/UC5B7hk6GLHb81HoWAGBFj_w,This Is Chris
UC5KDiSAFxrDWhmysBcNqtMA,http://www.youtube.com/channel/UC5KDiSAFxrDWhmysBcNqtMA,Eric Murphy
UC5UAwBUum7CPN5buc-_N1Fw,http://www.youtube.com/channel/UC5UAwBUum7CPN5buc-_N1Fw,The Linux Experiment
UC5WJmNetMNbu45-MIvU5LiA,http://www.youtube.com/channel/UC5WJmNetMNbu45-MIvU5LiA,Pensive Scarlet
UC5YYDtjudfqxGwnJI-32qYQ,http://www.youtube.com/channel/UC5YYDtjudfqxGwnJI-32qYQ,Mults
UC5gmH9jjdUUTGHVl-Qp4BbQ,http://www.youtube.com/channel/UC5gmH9jjdUUTGHVl-Qp4BbQ,Exits Examined
UC5uL4te1qtw56kSmz1q6E_A,http://www.youtube.com/channel/UC5uL4te1qtw56kSmz1q6E_A,Cryptid
UC5viqFAuBqbdIgM-WRyFAtg,http://www.youtube.com/channel/UC5viqFAuBqbdIgM-WRyFAtg,Patratick
UC6IxnFzHofFJ5X2PycSMsww,http://www.youtube.com/channel/UC6IxnFzHofFJ5X2PycSMsww,xkcd's What If?
UC6k3vKPMpTQA93kyGvU2Gvg,http://www.youtube.com/channel/UC6k3vKPMpTQA93kyGvU2Gvg,Elzani
UC6q0EKputacfW2xuEer-dBw,http://www.youtube.com/channel/UC6q0EKputacfW2xuEer-dBw,Rock Goes Nightcore Mixes
UC6zbKG1pqq2do-_oa9QFliA,http://www.youtube.com/channel/UC6zbKG1pqq2do-_oa9QFliA,Critical Thinking - Bug Bounty Podcast
UC7YOGHUfC1Tb6E4pudI9STA,http://www.youtube.com/channel/UC7YOGHUfC1Tb6E4pudI9STA,Mental Outlaw
UC7_YxT-KID8kRbqZo7MyscQ,http://www.youtube.com/channel/UC7_YxT-KID8kRbqZo7MyscQ,Markiplier
UC7dF9qfBMXrSlaaFFDvV_Yg,http://www.youtube.com/channel/UC7dF9qfBMXrSlaaFFDvV_Yg,Gigguk
UC8Brf3y0cLrxdn-Fv2P1BvQ,http://www.youtube.com/channel/UC8Brf3y0cLrxdn-Fv2P1BvQ,Ferry
UC8LXCHJF4iCb71xCM4WpJ8w,http://www.youtube.com/channel/UC8LXCHJF4iCb71xCM4WpJ8w,Rock Goes Nightcore
UC8b6neqf87RVBAkN_BLrS6A,http://www.youtube.com/channel/UC8b6neqf87RVBAkN_BLrS6A,IvoryTV
UC8q5BGkSzK6Kafk_6gKV8HA,http://www.youtube.com/channel/UC8q5BGkSzK6Kafk_6gKV8HA,Privacy Guides
UC8qtLT3SyEumgCXmiloAB_w,http://www.youtube.com/channel/UC8qtLT3SyEumgCXmiloAB_w,Panopticon Theatre
UC9-y-6csu5WGm29I7JiwpnA,http://www.youtube.com/channel/UC9-y-6csu5WGm29I7JiwpnA,Computerphile
UC9H0HzpKf5JlazkADWnW1Jw,http://www.youtube.com/channel/UC9H0HzpKf5JlazkADWnW1Jw,bashbunni
UC9OZkS1Mhl5UvKSiPrYqsxg,http://www.youtube.com/channel/UC9OZkS1Mhl5UvKSiPrYqsxg,WolfeyVGC
UC9PIn6-XuRKZ5HmYeu46AIw,http://www.youtube.com/channel/UC9PIn6-XuRKZ5HmYeu46AIw,Barely Sociable
UC9dSTX7QKwtH7hqR4u2tyUg,http://www.youtube.com/channel/UC9dSTX7QKwtH7hqR4u2tyUg,Cresendex
UCA1mxOwASgWGYkvxN20-MBw,http://www.youtube.com/channel/UCA1mxOwASgWGYkvxN20-MBw,EvanMCGaming
UCAQM3_G8Xgzg3HJeYYHAnGQ,http://www.youtube.com/channel/UCAQM3_G8Xgzg3HJeYYHAnGQ,Kai After Kai
UCAfjFLdeQEs6gNypXYZ5iug,http://www.youtube.com/channel/UCAfjFLdeQEs6gNypXYZ5iug,sad blanket
UCBs2Y3i14e1NWQxOGliatmg,http://www.youtube.com/channel/UCBs2Y3i14e1NWQxOGliatmg,Mother's Basement
UCDAjO0-hd_RS8ZYJ4W-Iq5Q,http://www.youtube.com/channel/UCDAjO0-hd_RS8ZYJ4W-Iq5Q,Savannah Brown
UCDGbmCxt2CEZAsDh1CiWXsQ,http://www.youtube.com/channel/UCDGbmCxt2CEZAsDh1CiWXsQ,False Swipe Gaming
UCDfMKl1YWcfVigyGsSJ8OFw,http://www.youtube.com/channel/UCDfMKl1YWcfVigyGsSJ8OFw,Juno Moth
UCEBIbvoXzOphGQ7TwCQMXcA,http://www.youtube.com/channel/UCEBIbvoXzOphGQ7TwCQMXcA,Hikki of the Valley
UCEEFsubiwdPHY8P56_ssjCg,http://www.youtube.com/channel/UCEEFsubiwdPHY8P56_ssjCg,Vivi's Variety Show
UCEHXNknwbsRu73QsakWIdzQ,http://www.youtube.com/channel/UCEHXNknwbsRu73QsakWIdzQ,The8BitDrummer
UCEKrILuAs-A9G4fTNra5wJw,http://www.youtube.com/channel/UCEKrILuAs-A9G4fTNra5wJw,Diggon
UCETGYcGVQPmmRCUiwBC8FvA,http://www.youtube.com/channel/UCETGYcGVQPmmRCUiwBC8FvA,AmbientRainfall
UCEeuul0q7C8Zs5C8rc4REFQ,http://www.youtube.com/channel/UCEeuul0q7C8Zs5C8rc4REFQ,CryptoCat
UCEp20NgOZHmgWdbQdHSxgjw,http://www.youtube.com/channel/UCEp20NgOZHmgWdbQdHSxgjw,This Does Not Compute
UCFAiFyGs6oDiF1Nf-rRJpZA,http://www.youtube.com/channel/UCFAiFyGs6oDiF1Nf-rRJpZA,Technoblade
UCG5Ph9Mm6UEQLJJ-kGIC2AQ,http://www.youtube.com/channel/UCG5Ph9Mm6UEQLJJ-kGIC2AQ,OneMarcFifty
UCGJBVOiDmnPzUypFufLbkSQ,http://www.youtube.com/channel/UCGJBVOiDmnPzUypFufLbkSQ,ACLYPSE
UCGKEMK3s-ZPbjVOIuAV8clQ,http://www.youtube.com/channel/UCGKEMK3s-ZPbjVOIuAV8clQ,Core Dumped
UCGPGirOab9EGy7VH4IwmWVQ,http://www.youtube.com/channel/UCGPGirOab9EGy7VH4IwmWVQ,Travis Media
UCGllfKWPVDMIw2qIuDjLZxg,http://www.youtube.com/channel/UCGllfKWPVDMIw2qIuDjLZxg,Ben Again
UCH77uxEfWgs2Yraaq_dB_yg,http://www.youtube.com/channel/UCH77uxEfWgs2Yraaq_dB_yg,Chris Olson
UCHdoOrwo__5kf2qXwdyVdww,http://www.youtube.com/channel/UCHdoOrwo__5kf2qXwdyVdww,Jonah Aragon
UCHhnS5M4EeNduNu5vP80L0w,http://www.youtube.com/channel/UCHhnS5M4EeNduNu5vP80L0w,Moon Channel
UCHkYOD-3fZbuGhwsADBd9ZQ,http://www.youtube.com/channel/UCHkYOD-3fZbuGhwsADBd9ZQ,Lawrence Systems
UCHqDTfIX-0DGaHlWvv6JZCw,http://www.youtube.com/channel/UCHqDTfIX-0DGaHlWvv6JZCw,Lateral with Tom Scott
UCI9eybCgmaFtbhCdBy8q62Q,http://www.youtube.com/channel/UCI9eybCgmaFtbhCdBy8q62Q,mara
UCIAD5MLmNA2uiJ6ff7Y2vjw,http://www.youtube.com/channel/UCIAD5MLmNA2uiJ6ff7Y2vjw,ThunderZolt
UCIIPl-DSCC0prKxGGnJrdGQ,http://www.youtube.com/channel/UCIIPl-DSCC0prKxGGnJrdGQ,Austin John Plays
UCIjen-xV2yH2krJgEjKS9NA,http://www.youtube.com/channel/UCIjen-xV2yH2krJgEjKS9NA,Eudoxia Mysteries
UCIxzFKrH2ijrGv800LArdCQ,http://www.youtube.com/channel/UCIxzFKrH2ijrGv800LArdCQ,Mystic•Project
UCJD2CXE2Q5CAS8pVkJ93XWQ,http://www.youtube.com/channel/UCJD2CXE2Q5CAS8pVkJ93XWQ,Nikita Kryukov
UCJMyOv8E-FcNZThR9qsuJuA,http://www.youtube.com/channel/UCJMyOv8E-FcNZThR9qsuJuA,HybridHero
UCJXa3_WNNmIpewOtCHf3B0g,http://www.youtube.com/channel/UCJXa3_WNNmIpewOtCHf3B0g,LaurieWired
UCJYJgj7rzsn0vdR7fkgjuIA,http://www.youtube.com/channel/UCJYJgj7rzsn0vdR7fkgjuIA,styropyro
UCJfJWct8jN1RpCuVWk3zHTA,http://www.youtube.com/channel/UCJfJWct8jN1RpCuVWk3zHTA,Daryl Talks Games
UCJfQXIO21x6GPJqb1XJBB1A,http://www.youtube.com/channel/UCJfQXIO21x6GPJqb1XJBB1A,VeeVolt
UCKU6z8qFTgB_Qbd4e0Ji-PA,http://www.youtube.com/channel/UCKU6z8qFTgB_Qbd4e0Ji-PA,Garrett Buffington
UCKaK-XPQAbznwIISC46b1oA,http://www.youtube.com/channel/UCKaK-XPQAbznwIISC46b1oA,Rana Khalil
UCKyeVopLbqd_wRAhsuhD1Iw,http://www.youtube.com/channel/UCKyeVopLbqd_wRAhsuhD1Iw,Connor McGrath
UCL5_yRx9ujWPqH2lwD5d5_w,http://www.youtube.com/channel/UCL5_yRx9ujWPqH2lwD5d5_w,kylie boggly
UCLD2ZkdEkAKhDETsK6QeDnA,http://www.youtube.com/channel/UCLD2ZkdEkAKhDETsK6QeDnA,Farrell McGuire
UCLDnEn-TxejaDB8qm2AUhHQ,http://www.youtube.com/channel/UCLDnEn-TxejaDB8qm2AUhHQ,Marcus Hutchins
UCLd3SDjCPnuTiiI4_sGQw_Q,http://www.youtube.com/channel/UCLd3SDjCPnuTiiI4_sGQw_Q,AsukkaTV
UCMVFXjnAFK_ofFa3rxpKVaA,http://www.youtube.com/channel/UCMVFXjnAFK_ofFa3rxpKVaA,ToastyTime
UCMX31RavkfUHJvw03RbUZnA,http://www.youtube.com/channel/UCMX31RavkfUHJvw03RbUZnA,Nick Crowley
UCMiyV_Ib77XLpzHPQH_q0qQ,http://www.youtube.com/channel/UCMiyV_Ib77XLpzHPQH_q0qQ,Veronica Explains
UCMj1hxsSn3B3FhHypiRRLVw,http://www.youtube.com/channel/UCMj1hxsSn3B3FhHypiRRLVw,PlayItEssays
UCN8o3Hvgc1YnHuvi7AEJvnA,http://www.youtube.com/channel/UCN8o3Hvgc1YnHuvi7AEJvnA,UsedBooks
UCNEs6RmBQwQrr39RmDCDa8A,http://www.youtube.com/channel/UCNEs6RmBQwQrr39RmDCDa8A,Cadaber
UCNaCw0oH7Vtc0VuZudSZSMw,http://www.youtube.com/channel/UCNaCw0oH7Vtc0VuZudSZSMw,TheDelybird
UCNp89rFT0q6eFYpaTSyR87A,http://www.youtube.com/channel/UCNp89rFT0q6eFYpaTSyR87A,Ube Boobey
UCNwGa76xVVwdEVToRZBIUIg,http://www.youtube.com/channel/UCNwGa76xVVwdEVToRZBIUIg,DenshiVideo
UCNzszbnvQeFzObW0ghk0Ckw,http://www.youtube.com/channel/UCNzszbnvQeFzObW0ghk0Ckw,Dave's Garage
UCOk-gHyjcWZNj3Br4oxwh0A,http://www.youtube.com/channel/UCOk-gHyjcWZNj3Br4oxwh0A,Techno Tim
UCP_eG7JBgRWNlNIOLYS6GZA,http://www.youtube.com/channel/UCP_eG7JBgRWNlNIOLYS6GZA,crin
UCPiN9NPjIer8Do9gUFxKv7A,http://www.youtube.com/channel/UCPiN9NPjIer8Do9gUFxKv7A,InsiderPhD
UCPlSXswMETD8v1ZDFLEJIVw,http://www.youtube.com/channel/UCPlSXswMETD8v1ZDFLEJIVw,blue daze
UCQkd05iAYed2-LOmhjzDG6g,http://www.youtube.com/channel/UCQkd05iAYed2-LOmhjzDG6g,LowSpecGamer
UCQtQMEIQkh3ajtx_BMemvIA,http://www.youtube.com/channel/UCQtQMEIQkh3ajtx_BMemvIA,Visual;Conference
UCQvW_89l7f-hCMP1pzGm4xw,http://www.youtube.com/channel/UCQvW_89l7f-hCMP1pzGm4xw,Nathan Baggs
UCR-DXc1voovS8nhAvccRZhg,http://www.youtube.com/channel/UCR-DXc1voovS8nhAvccRZhg,Jeff Geerling
UCR_S2-H2eUzjELku_fUMzLg,http://www.youtube.com/channel/UCR_S2-H2eUzjELku_fUMzLg,PulseEffects
UCRcgy6GzDeccI7dkbbBna3Q,http://www.youtube.com/channel/UCRcgy6GzDeccI7dkbbBna3Q,LEMMiNO
UCRmZM0WpKzSu_27unPuyEZA,http://www.youtube.com/channel/UCRmZM0WpKzSu_27unPuyEZA,Pixel a Day
UCRq87C6FUHWWaKkImDeMVBw,http://www.youtube.com/channel/UCRq87C6FUHWWaKkImDeMVBw,Maple Circuit
UCS-WzPVpAAli-1IfEG2lN8A,http://www.youtube.com/channel/UCS-WzPVpAAli-1IfEG2lN8A,Michael MJD
UCS0N5baNlQWJCUrhCEo8WlA,http://www.youtube.com/channel/UCS0N5baNlQWJCUrhCEo8WlA,Ben Eater
UCS3lqf12QaNbpJg6h4RoNbA,http://www.youtube.com/channel/UCS3lqf12QaNbpJg6h4RoNbA,niko
UCSAYHSNaY5_UEol4_frPurg,http://www.youtube.com/channel/UCSAYHSNaY5_UEol4_frPurg,MandJTV
UCScsWMNqHAIjEUMIl7z2pbw,http://www.youtube.com/channel/UCScsWMNqHAIjEUMIl7z2pbw,RGN
UCShccf0NLU7E3USx82Vu2jQ,http://www.youtube.com/channel/UCShccf0NLU7E3USx82Vu2jQ,Amelie Doree
UCSuHzQ3GrHSzoBbwrIq3LLA,http://www.youtube.com/channel/UCSuHzQ3GrHSzoBbwrIq3LLA,Naomi Brockwell TV
UCT8zNWD58rKzauqRlXv_fOg,http://www.youtube.com/channel/UCT8zNWD58rKzauqRlXv_fOg,The Void
UCTDWASrT-T6wMBcZU4IXCKQ,http://www.youtube.com/channel/UCTDWASrT-T6wMBcZU4IXCKQ,The Cursed Judge
UCTEwUEqrf_OQ0lV4rbO_Beg,http://www.youtube.com/channel/UCTEwUEqrf_OQ0lV4rbO_Beg,Valleytech Custom Solutions
UCTMiGZ6t4wry5sk7Cso2plQ,http://www.youtube.com/channel/UCTMiGZ6t4wry5sk7Cso2plQ,dacctal
UCTWbP-2W-_6mzWLg2oZmT7Q,http://www.youtube.com/channel/UCTWbP-2W-_6mzWLg2oZmT7Q,RetroGamingNow
UCUMwY9iS8oMyWDYIe6_RmoA,http://www.youtube.com/channel/UCUMwY9iS8oMyWDYIe6_RmoA,No Boilerplate
UCUOTutZoUpcUWpWQ7VL2Hjg,http://www.youtube.com/channel/UCUOTutZoUpcUWpWQ7VL2Hjg,Internet Underground
UCUP5UhD6cMfpN4vxW3FYJLQ,http://www.youtube.com/channel/UCUP5UhD6cMfpN4vxW3FYJLQ,Sam Bent
UCUUTdohVElFLSP4NBnlPEwA,http://www.youtube.com/channel/UCUUTdohVElFLSP4NBnlPEwA,Jim's Garage
UCUlTkv4Dnuug2WVhPOe5d9w,http://www.youtube.com/channel/UCUlTkv4Dnuug2WVhPOe5d9w,NezumiVA
UCVJqrBtmimHM-Wlvhg5cdhQ,http://www.youtube.com/channel/UCVJqrBtmimHM-Wlvhg5cdhQ,Jitterybug
UCVMu_hv7V77PGt0tGF46nNw,http://www.youtube.com/channel/UCVMu_hv7V77PGt0tGF46nNw,Marcin Plaza
UCVeW9qkBjo3zosnqUbG7CFw,http://www.youtube.com/channel/UCVeW9qkBjo3zosnqUbG7CFw,John Hammond
UCW6MNdOsqv2E9AjQkv9we7A,http://www.youtube.com/channel/UCW6MNdOsqv2E9AjQkv9we7A,PwnFunction
UCW6xlqxSY3gGur4PkGPEUeA,http://www.youtube.com/channel/UCW6xlqxSY3gGur4PkGPEUeA,Seytonic
UCWglcpI-xTAXb_QYecQ2O4g,http://www.youtube.com/channel/UCWglcpI-xTAXb_QYecQ2O4g,Daniel Boctor
UCWnLn-_RWxxgUenIY80KIPw,http://www.youtube.com/channel/UCWnLn-_RWxxgUenIY80KIPw,Visual Novel Design
UCX47WxbIOjWuetHQKYGn2Eg,http://www.youtube.com/channel/UCX47WxbIOjWuetHQKYGn2Eg,kiki.mp3
UCX9HbsiytF8CZjnVGDOEiPg,http://www.youtube.com/channel/UCX9HbsiytF8CZjnVGDOEiPg,Lee Basil
UCXOSur_wiS9TK0WUhJrYrlA,http://www.youtube.com/channel/UCXOSur_wiS9TK0WUhJrYrlA,Dammit Jeff
UCXZuR0m--8BiHWSB1PkUcLQ,http://www.youtube.com/channel/UCXZuR0m--8BiHWSB1PkUcLQ,YewfNet
UCXhIq-rVvYIlRWx6gxYh8wQ,http://www.youtube.com/channel/UCXhIq-rVvYIlRWx6gxYh8wQ,RAINY MARI Project
UCY0LR5f4leMPO-O9VP4NB_A,http://www.youtube.com/channel/UCY0LR5f4leMPO-O9VP4NB_A,The Ash Files
UCY22VVoFxKRQa2eWgWeznLQ,http://www.youtube.com/channel/UCY22VVoFxKRQa2eWgWeznLQ,Bowl of Lentils
UCYNZMwgrQP7cB0wrD3t_mGA,http://www.youtube.com/channel/UCYNZMwgrQP7cB0wrD3t_mGA,darkwebSTREAMER
UCYPOFs1jpsvTutDTdz3Pxug,http://www.youtube.com/channel/UCYPOFs1jpsvTutDTdz3Pxug,Auspol Explained
UCYZXgplMrWFyBJo3voyQw-g,http://www.youtube.com/channel/UCYZXgplMrWFyBJo3voyQw-g,Ember's Journal
UCYZjlxANTfoTkK3gr6c3SOw,http://www.youtube.com/channel/UCYZjlxANTfoTkK3gr6c3SOw,ProjectMaria
UCYuizWN2ac4L7CZ-WWHZQKw,http://www.youtube.com/channel/UCYuizWN2ac4L7CZ-WWHZQKw,InfoSec Pat
UCZI7Uu2Ncm1DqDc_4kW_AtA,http://www.youtube.com/channel/UCZI7Uu2Ncm1DqDc_4kW_AtA,Morgan Evelyn Cook
UCZlp8rIcdq7ePOsDUBeGFhw,http://www.youtube.com/channel/UCZlp8rIcdq7ePOsDUBeGFhw,Ayrei
UC_0e1271DHhRyiDIuX6B6aQ,http://www.youtube.com/channel/UC_0e1271DHhRyiDIuX6B6aQ,ThatGuyGlen
UC_TbCjiWKzDwJ1PdsTHeQBA,http://www.youtube.com/channel/UC_TbCjiWKzDwJ1PdsTHeQBA,Lewtwo
UC_j_VPxZR7oel_KEkvIHrbQ,http://www.youtube.com/channel/UC_j_VPxZR7oel_KEkvIHrbQ,Y24U
UC_ydHnJmnFxGHgPa3KT0yUg,http://www.youtube.com/channel/UC_ydHnJmnFxGHgPa3KT0yUg,steinful
UC_zBdZ0_H_jn41FDRG7q4Tw,http://www.youtube.com/channel/UC_zBdZ0_H_jn41FDRG7q4Tw,Vimjoyer
UCaGOgwGKnDVOKY0DrFsBAiA,http://www.youtube.com/channel/UCaGOgwGKnDVOKY0DrFsBAiA,ScareTheater
UCaQxAlvWL4079nf3HGbThYA,http://www.youtube.com/channel/UCaQxAlvWL4079nf3HGbThYA,JPR
UCaWivG6OCoPeKZ2aP3D6ffQ,http://www.youtube.com/channel/UCaWivG6OCoPeKZ2aP3D6ffQ,Team Technoblade
UCaugI7lFpgUd6uB-DPMheKA,http://www.youtube.com/channel/UCaugI7lFpgUd6uB-DPMheKA,KyotoRobato
UCbWcXB0PoqOsAvAdfzWMf0w,http://www.youtube.com/channel/UCbWcXB0PoqOsAvAdfzWMf0w,Fredrik Knudsen
UCbXuFrNGSKcmZY_5DwYz4Ew,http://www.youtube.com/channel/UCbXuFrNGSKcmZY_5DwYz4Ew,pokeaimMD
UCbgRw_yk53hVtNXEX2DtyDQ,http://www.youtube.com/channel/UCbgRw_yk53hVtNXEX2DtyDQ,BSides Canberra
UCc9pRsDLfxAV7E_UVyhXGVg,http://www.youtube.com/channel/UCc9pRsDLfxAV7E_UVyhXGVg,MasonCMusic
UCcDgRYWz-55ny3FqU7zBBaw,http://www.youtube.com/channel/UCcDgRYWz-55ny3FqU7zBBaw,Detective Mar
UCcY_-mkCVSd8LwkOFN-GkPQ,http://www.youtube.com/channel/UCcY_-mkCVSd8LwkOFN-GkPQ,SillyPau
UCch9Dmg5Juwp8MZGvAmAp4Q,http://www.youtube.com/channel/UCch9Dmg5Juwp8MZGvAmAp4Q,VIVINOS
UCchWU8ta6L-Dy3rGIxPINzw,http://www.youtube.com/channel/UCchWU8ta6L-Dy3rGIxPINzw,ReignBot
UCcoO-8J0EYQHGPFQqwmAzVQ,http://www.youtube.com/channel/UCcoO-8J0EYQHGPFQqwmAzVQ,exurb2a
UCdinNuLY0u98gs5wLRqmPdw,http://www.youtube.com/channel/UCdinNuLY0u98gs5wLRqmPdw,threadbare
UCdzL8ezldJlQnJBPAn993ng,http://www.youtube.com/channel/UCdzL8ezldJlQnJBPAn993ng,Reddoliche2
UCe1XMEMdqiZouxbuoHKupjw,http://www.youtube.com/channel/UCe1XMEMdqiZouxbuoHKupjw,co2goldy
UCeKOGzYzL2JKUpW1IxS-jCA,http://www.youtube.com/channel/UCeKOGzYzL2JKUpW1IxS-jCA,PrettyBored
UCeTQgkJONcvS3ahObgG0Kgw,http://www.youtube.com/channel/UCeTQgkJONcvS3ahObgG0Kgw,Val
UCeTfBygNb1TahcNpZyELO8g,http://www.youtube.com/channel/UCeTfBygNb1TahcNpZyELO8g,Jacob Geller
UCey1WBhNthBx0vDy-pHe9uw,http://www.youtube.com/channel/UCey1WBhNthBx0vDy-pHe9uw,Megsy Recovery
UCf-cfRJyxATGTgWGiFkFUWA,http://www.youtube.com/channel/UCf-cfRJyxATGTgWGiFkFUWA,Adam Duff LUCIDPIXUL
UCf-zZlnKMDbq1D4r5bIOCFQ,http://www.youtube.com/channel/UCf-zZlnKMDbq1D4r5bIOCFQ,Shameless Nerd
UCfJc2j7TbUN-Njs3uCatIEw,http://www.youtube.com/channel/UCfJc2j7TbUN-Njs3uCatIEw,Livvvid
UCfupAKTjwrVvuYh4U38g8bA,http://www.youtube.com/channel/UCfupAKTjwrVvuYh4U38g8bA,auranym
UCg0Zop3z79GQRzyrOOWtptw,http://www.youtube.com/channel/UCg0Zop3z79GQRzyrOOWtptw,Sacrow
UCg2yQh9b3Wg-pOMxmADLLXw,http://www.youtube.com/channel/UCg2yQh9b3Wg-pOMxmADLLXw,Bess
UCgOVPjN77PWVlc2PMETqMiA,http://www.youtube.com/channel/UCgOVPjN77PWVlc2PMETqMiA,Weeby Newz
UCgVm8xdaCcTFZWkJQ8NbEqA,http://www.youtube.com/channel/UCgVm8xdaCcTFZWkJQ8NbEqA,ceicocat
UCgdTVe88YVSrOZ9qKumhULQ,http://www.youtube.com/channel/UCgdTVe88YVSrOZ9qKumhULQ,Hardware Haven
UCgfe2ooZD3VJPB6aJAnuQng,http://www.youtube.com/channel/UCgfe2ooZD3VJPB6aJAnuQng,bycloud
UCgjTkDkNo3wNnOT6Vj1bJrw,http://www.youtube.com/channel/UCgjTkDkNo3wNnOT6Vj1bJrw,StrawHatMidas
UCgmI-uiLLAg--vDe7FFdekA,http://www.youtube.com/channel/UCgmI-uiLLAg--vDe7FFdekA,Slightly Sociable
UCgo1RgtW6Q5MQ7dtmd_HUzg,http://www.youtube.com/channel/UCgo1RgtW6Q5MQ7dtmd_HUzg,The August Hail
UChLACeik8p6fqzpk9uLjdbw,http://www.youtube.com/channel/UChLACeik8p6fqzpk9uLjdbw,owiebrainhurts
UChO9OAH57Flz35RRX__E25A,http://www.youtube.com/channel/UChO9OAH57Flz35RRX__E25A,0xdf
UCi9xQaR7l5EMW2yY3fnYL6w,http://www.youtube.com/channel/UCi9xQaR7l5EMW2yY3fnYL6w,Bad Ghosts
UCiAURIYqFJETpRJSB7erzyg,http://www.youtube.com/channel/UCiAURIYqFJETpRJSB7erzyg,Might & Stone
UCiO0K2xt5irIN6x13FNzYTg,http://www.youtube.com/channel/UCiO0K2xt5irIN6x13FNzYTg,Data Slayer
UCiRiQGCHGjDLT9FQXFW0I3A,http://www.youtube.com/channel/UCiRiQGCHGjDLT9FQXFW0I3A,Academy of Ideas
UCiTO14mD9YjIhSBAib_M0yQ,http://www.youtube.com/channel/UCiTO14mD9YjIhSBAib_M0yQ,Altsito
UCib8MAX3TwtAPw007zcraRg,http://www.youtube.com/channel/UCib8MAX3TwtAPw007zcraRg,shar
UCid9DssdW6-yxUNl3_aba6A,http://www.youtube.com/channel/UCid9DssdW6-yxUNl3_aba6A,Tama Hero
UCij1VEjDb88RCbqsvZ1gqaw,http://www.youtube.com/channel/UCij1VEjDb88RCbqsvZ1gqaw,Side Of Burritos
UCimiUgDLbi6P17BdaCZpVbg,http://www.youtube.com/channel/UCimiUgDLbi6P17BdaCZpVbg,exurb1a
UCiqRtEzrr9cQ-kHM1-iNQBA,http://www.youtube.com/channel/UCiqRtEzrr9cQ-kHM1-iNQBA,asukka
UCj8orMezFWVcoN-4S545Wtw,http://www.youtube.com/channel/UCj8orMezFWVcoN-4S545Wtw,Max Derrat
UCjNErCQgCndSOl6t33m1-nQ,http://www.youtube.com/channel/UCjNErCQgCndSOl6t33m1-nQ,hazel
UCjr2bPAyPV7t35MvcgT3W8Q,http://www.youtube.com/channel/UCjr2bPAyPV7t35MvcgT3W8Q,The Hated One
UCkHN7h7CFeYL6Y1N5JcEZug,http://www.youtube.com/channel/UCkHN7h7CFeYL6Y1N5JcEZug,Sun Knudsen
UCkS_HP3m9NXOgswVAKbMeJQ,http://www.youtube.com/channel/UCkS_HP3m9NXOgswVAKbMeJQ,Then & Now
UCkVfrGwV-iG9bSsgCbrNPxQ,http://www.youtube.com/channel/UCkVfrGwV-iG9bSsgCbrNPxQ,Better Stack
UCkdgAA0rfK7lG5dv4o__Paw,http://www.youtube.com/channel/UCkdgAA0rfK7lG5dv4o__Paw,Alberta Tech
UCksIuzzpbMTt6Rz0DTtMI1w,http://www.youtube.com/channel/UCksIuzzpbMTt6Rz0DTtMI1w,Sagan Hawkes
UCl-esLM6xX7_51OeSGZXTmw,http://www.youtube.com/channel/UCl-esLM6xX7_51OeSGZXTmw,mimi-mimo
UCl2mFZoRqjw_ELax4Yisf6w,http://www.youtube.com/channel/UCl2mFZoRqjw_ELax4Yisf6w,Louis Rossmann
UClOZrlu8d0dOocblzEBHoYA,http://www.youtube.com/channel/UClOZrlu8d0dOocblzEBHoYA,Debunk File
UClcE-kVhqyiHCcjYwcpfj9w,http://www.youtube.com/channel/UClcE-kVhqyiHCcjYwcpfj9w,LiveOverflow
UClzpIN3KVkoKI-mGloXlT7g,http://www.youtube.com/channel/UClzpIN3KVkoKI-mGloXlT7g,Ro Mitchell
UCm6yYwhAaKF-S1X1yS2KzSw,http://www.youtube.com/channel/UCm6yYwhAaKF-S1X1yS2KzSw,Misty Chronexia
UCmGhyaUCoBJU95VkrxVx0Rw,http://www.youtube.com/channel/UCmGhyaUCoBJU95VkrxVx0Rw,Final Girl Digital
UCmVv4LPZci428X_qrXspUtA,http://www.youtube.com/channel/UCmVv4LPZci428X_qrXspUtA,Pianza
UCn8OYopT9e8tng-CGEWzfmw,http://www.youtube.com/channel/UCn8OYopT9e8tng-CGEWzfmw,Atrocity Guide
UCn_19WPd9vH9SMzl2AqKI1w,http://www.youtube.com/channel/UCn_19WPd9vH9SMzl2AqKI1w,Skyehoppers
UCo8bcnLyZH8tBIH9V1mLgqQ,http://www.youtube.com/channel/UCo8bcnLyZH8tBIH9V1mLgqQ,TheOdd1sOut
UCoGjAP294Mr0bh1QGPT-nGQ,http://www.youtube.com/channel/UCoGjAP294Mr0bh1QGPT-nGQ,LaserHelix
UCoL8olX-259lS1N6QPyP4IQ,http://www.youtube.com/channel/UCoL8olX-259lS1N6QPyP4IQ,Action Retro
UCoOPa6G3UrhNPdms3aUqsTA,http://www.youtube.com/channel/UCoOPa6G3UrhNPdms3aUqsTA,graymads
UCoOuuaQZfcmfjWNAGy4w9Jg,http://www.youtube.com/channel/UCoOuuaQZfcmfjWNAGy4w9Jg,i am a dot.
UCozNDfK87QDUv2ndgczL6Tw,http://www.youtube.com/channel/UCozNDfK87QDUv2ndgczL6Tw,Twintails 77
UCp3yVOm6A55nx65STpm3tXQ,http://www.youtube.com/channel/UCp3yVOm6A55nx65STpm3tXQ,Craft Computing
UCpFFItkfZz1qz5PpHpqzYBw,http://www.youtube.com/channel/UCpFFItkfZz1qz5PpHpqzYBw,Nexpo
UCpMnYjOekpzzZqNIe7i8D_w,http://www.youtube.com/channel/UCpMnYjOekpzzZqNIe7i8D_w,UnordinaryMind
UCpyTOULpHJbkfrGU4rD-MNw,http://www.youtube.com/channel/UCpyTOULpHJbkfrGU4rD-MNw,Movieunleashers
UCqJ-Xo29CKyLTjn6z2XwYAw,http://www.youtube.com/channel/UCqJ-Xo29CKyLTjn6z2XwYAw,Game Maker's Toolkit
UCqJ5EkPzmVHTTrrHtmgWeeg,http://www.youtube.com/channel/UCqJ5EkPzmVHTTrrHtmgWeeg,ProfessorViral
UCqP87_tOqZczGdExeEz0prg,http://www.youtube.com/channel/UCqP87_tOqZczGdExeEz0prg,Eric Parker
UCqRMrCPDRlfvG4P7E6ibS8A,http://www.youtube.com/channel/UCqRMrCPDRlfvG4P7E6ibS8A,Mia's Digital Diary
UCqTVfT9JQqhA6_Hi_h_h97Q,http://www.youtube.com/channel/UCqTVfT9JQqhA6_Hi_h_h97Q,J Perm
UCqWMxmDwlbPhg_45DhMCwRw,http://www.youtube.com/channel/UCqWMxmDwlbPhg_45DhMCwRw,The Only Objects
UCqbkm47qBxDj-P3lI9voIAw,http://www.youtube.com/channel/UCqbkm47qBxDj-P3lI9voIAw,danooct1
UCqnKDzxO2M_-B-MJYx5qz1Q,http://www.youtube.com/channel/UCqnKDzxO2M_-B-MJYx5qz1Q,Ionic1k
UCqos1tl0RntucGGtPXNxkkA,http://www.youtube.com/channel/UCqos1tl0RntucGGtPXNxkkA,Eternalised
UCqxM9T6ksiOVKIkb88S2r7Q,http://www.youtube.com/channel/UCqxM9T6ksiOVKIkb88S2r7Q,Zac Builds
UCr5CVn3Z6Zzy1bU5WP14LAQ,http://www.youtube.com/channel/UCr5CVn3Z6Zzy1bU5WP14LAQ,NixasHearts
UCriil4aussYUAGVwpm_zI9w,http://www.youtube.com/channel/UCriil4aussYUAGVwpm_zI9w,Sarah Davis Baker
UCrk2bNxxxLP-Qd77KxBJ3Xg,http://www.youtube.com/channel/UCrk2bNxxxLP-Qd77KxBJ3Xg,diinki
UCrkGn5IhQH_AXkxiTQzYQgw,http://www.youtube.com/channel/UCrkGn5IhQH_AXkxiTQzYQgw,CandyEvie
UCrtyNMe3xtv3CLg5QR78HzQ,http://www.youtube.com/channel/UCrtyNMe3xtv3CLg5QR78HzQ,Trainer Tips
UCrwRhXZXP1TRZQaEm9ED7nw,http://www.youtube.com/channel/UCrwRhXZXP1TRZQaEm9ED7nw,GramKraken
UCrx2zrPjhGRi9TwszZiLwEg,http://www.youtube.com/channel/UCrx2zrPjhGRi9TwszZiLwEg,Horses 
UCs6KfncB4OV6Vug4o_bzijg,http://www.youtube.com/channel/UCs6KfncB4OV6Vug4o_bzijg,Techlore
UCs6dtu4e0JL-N4hVszsFpBw,http://www.youtube.com/channel/UCs6dtu4e0JL-N4hVszsFpBw,Tib3rius
UCsBjURrPoezykLs9EqgamOA,http://www.youtube.com/channel/UCsBjURrPoezykLs9EqgamOA,Fireship
UCsJmbrlVyvMuh9B1CdwjGYw,http://www.youtube.com/channel/UCsJmbrlVyvMuh9B1CdwjGYw,Aieurn
UCsUalyRg43M8D60mtHe6YcA,http://www.youtube.com/channel/UCsUalyRg43M8D60mtHe6YcA,CultRepo 
UCsnGwSIHyoYN0kiINAGUKxg,http://www.youtube.com/channel/UCsnGwSIHyoYN0kiINAGUKxg,Wolfgang's Channel
UCsuKgiVb2KJ2sZdrrwoAqsA,http://www.youtube.com/channel/UCsuKgiVb2KJ2sZdrrwoAqsA,wattles
UCtCSrYbGbzmeLPNJYFuD50A,http://www.youtube.com/channel/UCtCSrYbGbzmeLPNJYFuD50A,Claire Michelle
UCtUbO6rBht0daVIOGML3c8w,http://www.youtube.com/channel/UCtUbO6rBht0daVIOGML3c8w,Summoning Salt
UCtZO3K2p8mqFwiKWb9k7fXA,http://www.youtube.com/channel/UCtZO3K2p8mqFwiKWb9k7fXA,TechAltar
UCt_0qjzmxopG3leL3OuvlFQ,http://www.youtube.com/channel/UCt_0qjzmxopG3leL3OuvlFQ,NationSquid
UCtb6a_CnmGbSns9G8W2Ny0w,http://www.youtube.com/channel/UCtb6a_CnmGbSns9G8W2Ny0w,Dave's Attic
UCteGx4Lp2L1HcsSajfJwOJQ,http://www.youtube.com/channel/UCteGx4Lp2L1HcsSajfJwOJQ,Team Kill Cure
UCtxyZW2xgmj_W5uSV-TzIRQ,http://www.youtube.com/channel/UCtxyZW2xgmj_W5uSV-TzIRQ,angieblah
UCu1RMi4S3rG1YkYJK6atN2A,http://www.youtube.com/channel/UCu1RMi4S3rG1YkYJK6atN2A,mirrormage
UCuCkxoKLYO_EQ2GeFtbM_bw,http://www.youtube.com/channel/UCuCkxoKLYO_EQ2GeFtbM_bw,Half as Interesting
UCusb0SpT8elBJdbcEJS_l2A,http://www.youtube.com/channel/UCusb0SpT8elBJdbcEJS_l2A,Tale Foundry
UCv04Gr1uU8chPaB-E_fuNwA,http://www.youtube.com/channel/UCv04Gr1uU8chPaB-E_fuNwA,barely enough studios
UCv3Kk__aFcKKx_o2686uQcw,http://www.youtube.com/channel/UCv3Kk__aFcKKx_o2686uQcw,SAD-ist
UCv6J_jJa8GJqFwQNgNrMuww,http://www.youtube.com/channel/UCv6J_jJa8GJqFwQNgNrMuww,ServeTheHome
UCvUnvQCY25x29eJdDbr126w,http://www.youtube.com/channel/UCvUnvQCY25x29eJdDbr126w,inakyu
UCvrpgaxU_PWxRq4OTaEgRuw,http://www.youtube.com/channel/UCvrpgaxU_PWxRq4OTaEgRuw,Dr Medic's Game Surgery
UCwHwDuNd9lCdA7chyyquDXw,http://www.youtube.com/channel/UCwHwDuNd9lCdA7chyyquDXw,Bread on Penguins
UCwRqWnW5ZkVaP_lZF7caZ-g,http://www.youtube.com/channel/UCwRqWnW5ZkVaP_lZF7caZ-g,Retro Game Mechanics Explained
UCwbRile4jo-LcW_PQwmMdBw,http://www.youtube.com/channel/UCwbRile4jo-LcW_PQwmMdBw,Captain KRB
UCweDKPSF65wRw5VHFUJYiow,http://www.youtube.com/channel/UCweDKPSF65wRw5VHFUJYiow,Curious Archive
UCwfWhtX78u56jlBgEuojY0A,http://www.youtube.com/channel/UCwfWhtX78u56jlBgEuojY0A,partyarlie
UCx-PpwbajI5ToAY0WwJO2Kg,http://www.youtube.com/channel/UCx-PpwbajI5ToAY0WwJO2Kg,PortalRunner
UCx0C4GH1N7Z_JV-s8fMPG9g,http://www.youtube.com/channel/UCx0C4GH1N7Z_JV-s8fMPG9g,Woop
UCx0ObGO7YJZpPPf6tbHpqPQ,http://www.youtube.com/channel/UCx0ObGO7YJZpPPf6tbHpqPQ,ServersatHome
UCx2nfAJDz16mGJ8ZXduU-fg,http://www.youtube.com/channel/UCx2nfAJDz16mGJ8ZXduU-fg,Psycho at Midnight
UCxWbsUWLsZkohh2GVVOT8kg,http://www.youtube.com/channel/UCxWbsUWLsZkohh2GVVOT8kg,maebunnie
UCxk25bne74FaS7LRCzXOJLw,http://www.youtube.com/channel/UCxk25bne74FaS7LRCzXOJLw,mentaldisorders
UCylGUf9BvQooEFjgdNudoQg,http://www.youtube.com/channel/UCylGUf9BvQooEFjgdNudoQg,The Linux Cast
UCzSgKn6BC9uYD89Hfut3sBg,http://www.youtube.com/channel/UCzSgKn6BC9uYD89Hfut3sBg,SmithPlays Pokémon
UCz_tqIfHrj3Un1D-C9i39xA,http://www.youtube.com/channel/UCz_tqIfHrj3Un1D-C9i39xA,MoFace





